{"2": [[[[138.0, 163.0], [480.0, 243.0]], [[480.0, 163.0], [637.0, 243.0]], [[637.0, 163.0], [821.0, 243.0]]], [[[138.0, 243.0], [480.0, 340.5]], [[480.0, 243.0], [637.0, 340.5]], [[637.0, 243.0], [821.0, 340.5]]], [[[138.0, 340.5], [480.0, 438.5]], [[480.0, 340.5], [637.0, 438.5]], [[637.0, 340.5], [821.0, 438.5]]], [[[138.0, 438.5], [480.0, 536.5]], [[480.0, 438.5], [637.0, 536.5]], [[637.0, 438.5], [821.0, 536.5]]], [[[138.0, 536.5], [480.0, 635.0]], [[480.0, 536.5], [637.0, 635.0]], [[637.0, 536.5], [821.0, 635.0]]], [[[138.0, 635.0], [480.0, 733.0]], [[480.0, 635.0], [637.0, 733.0]], [[637.0, 635.0], [821.0, 733.0]]], [[[138.0, 733.0], [480.0, 831.0]], [[480.0, 733.0], [637.0, 831.0]], [[637.0, 733.0], [821.0, 831.0]]], [[[138.0, 831.0], [480.0, 928.5]], [[480.0, 831.0], [637.0, 928.5]], [[637.0, 831.0], [821.0, 928.5]]], [[[138.0, 928.5], [480.0, 1026.5]], [[480.0, 928.5], [637.0, 1026.5]], [[637.0, 928.5], [821.0, 1026.5]]], [[[138.0, 1026.5], [480.0, 1132.0]], [[480.0, 1026.5], [637.0, 1132.0]], [[637.0, 1026.5], [821.0, 1132.0]]]], "3": [[[[177.0, 159.0], [519.0, 239.5]], [[519.0, 159.0], [676.0, 239.5]], [[676.0, 159.0], [867.0, 239.5]]], [[[177.0, 239.5], [519.0, 337.0]], [[519.0, 239.5], [676.0, 337.0]], [[676.0, 239.5], [867.0, 337.0]]], [[[177.0, 337.0], [519.0, 435.0]], [[519.0, 337.0], [676.0, 435.0]], [[676.0, 337.0], [867.0, 435.0]]], [[[177.0, 435.0], [519.0, 533.0]], [[519.0, 435.0], [676.0, 533.0]], [[676.0, 435.0], [867.0, 533.0]]], [[[177.0, 533.0], [519.0, 631.0]], [[519.0, 533.0], [676.0, 631.0]], [[676.0, 533.0], [867.0, 631.0]]], [[[177.0, 631.0], [519.0, 729.0]], [[519.0, 631.0], [676.0, 729.0]], [[676.0, 631.0], [867.0, 729.0]]], [[[177.0, 729.0], [519.0, 827.0]], [[519.0, 729.0], [676.0, 827.0]], [[676.0, 729.0], [867.0, 827.0]]], [[[177.0, 827.0], [519.0, 924.5]], [[519.0, 827.0], [676.0, 924.5]], [[676.0, 827.0], [867.0, 924.5]]], [[[177.0, 924.5], [519.0, 1022.0]], [[519.0, 924.5], [676.0, 1022.0]], [[676.0, 924.5], [867.0, 1022.0]]], [[[177.0, 1022.0], [519.0, 1128.0]], [[519.0, 1022.0], [676.0, 1128.0]], [[676.0, 1022.0], [867.0, 1128.0]]]], "4": [[[[121.05926491613953, 157.40861260894232], [462.26278916964685, 237.80308381333862]], [[462.26278916964685, 157.40861260894232], [618.4255030002611, 237.80308381333862]], [[618.4255030002611, 157.40861260894232], [795.1160794823082, 237.80308381333862]]], [[[121.05926491613953, 237.80308381333862], [462.26278916964685, 335.7987314198736]], [[462.26278916964685, 237.80308381333862], [618.4255030002611, 335.7987314198736]], [[618.4255030002611, 237.80308381333862], [795.1160794823082, 335.7987314198736]]], [[[121.05926491613953, 335.7987314198736], [462.26278916964685, 434.29906910171985]], [[462.26278916964685, 335.7987314198736], [618.4255030002611, 434.29906910171985]], [[618.4255030002611, 335.7987314198736], [795.1160794823082, 434.29906910171985]]], [[[121.05926491613953, 434.29906910171985], [462.26278916964685, 539.9427967944091]], [[462.26278916964685, 434.29906910171985], [618.4255030002611, 539.9427967944091]], [[618.4255030002611, 434.29906910171985], [795.1160794823082, 539.9427967944091]]], [[[121.05926491613953, 539.9427967944091], [462.26278916964685, 630.5349269821479]], [[462.26278916964685, 539.9427967944091], [618.4255030002611, 630.5349269821479]], [[618.4255030002611, 539.9427967944091], [795.1160794823082, 630.5349269821479]]], [[[121.05926491613953, 630.5349269821479], [462.26278916964685, 728.8001265594371]], [[462.26278916964685, 630.5349269821479], [618.4255030002611, 728.8001265594371]], [[618.4255030002611, 630.5349269821479], [795.1160794823082, 728.8001265594371]]], [[[121.05926491613953, 728.8001265594371], [462.26278916964685, 827.3004642412834]], [[462.26278916964685, 728.8001265594371], [618.4255030002611, 827.3004642412834]], [[618.4255030002611, 728.8001265594371], [795.1160794823082, 827.3004642412834]]], [[[121.05926491613953, 827.3004642412834], [462.26278916964685, 940.8048480218569]], [[462.26278916964685, 827.3004642412834], [618.4255030002611, 940.8048480218569]], [[618.4255030002611, 827.3004642412834], [795.1160794823082, 940.8048480218569]]], [[[121.05926491613953, 940.8048480218569], [462.26278916964685, 1038.5403682204385]], [[462.26278916964685, 940.8048480218569], [618.4255030002611, 1038.5403682204385]], [[618.4255030002611, 940.8048480218569], [795.1160794823082, 1038.5403682204385]]], [[[121.05926491613953, 1038.5403682204385], [462.26278916964685, 1136.7914309535263]], [[462.26278916964685, 1038.5403682204385], [618.4255030002611, 1136.7914309535263]], [[618.4255030002611, 1038.5403682204385], [795.1160794823082, 1136.7914309535263]]]], "5": [[[[183.0, 159.0], [525.0, 239.5]], [[525.0, 159.0], [682.0, 239.5]], [[682.0, 159.0], [824.0, 239.5]]], [[[183.0, 239.5], [525.0, 337.5]], [[525.0, 239.5], [682.0, 337.5]], [[682.0, 239.5], [824.0, 337.5]]], [[[183.0, 337.5], [525.0, 435.0]], [[525.0, 337.5], [682.0, 435.0]], [[682.0, 337.5], [824.0, 435.0]]], [[[183.0, 435.0], [525.0, 533.5]], [[525.0, 435.0], [682.0, 533.5]], [[682.0, 435.0], [824.0, 533.5]]], [[[183.0, 533.5], [525.0, 631.5]], [[525.0, 533.5], [682.0, 631.5]], [[682.0, 533.5], [824.0, 631.5]]], [[[183.0, 631.5], [525.0, 730.0]], [[525.0, 631.5], [682.0, 730.0]], [[682.0, 631.5], [824.0, 730.0]]], [[[183.0, 730.0], [525.0, 983.0]], [[525.0, 730.0], [682.0, 983.0]], [[682.0, 730.0], [824.0, 983.0]]]],