{"1": [[[[182.0, 124.0], [499.0, 180.5]], [[499.0, 124.0], [747.0, 180.5]], [[747.0, 124.0], [806.0, 180.5]], [[806.0, 124.0], [839.0, 180.5]]], [[[182.0, 180.5], [499.0, 253.0]], [[499.0, 180.5], [747.0, 253.0]], [[747.0, 180.5], [806.0, 253.0]], [[806.0, 180.5], [839.0, 253.0]]], [[[182.0, 253.0], [499.0, 325.0]], [[499.0, 253.0], [747.0, 325.0]], [[747.0, 253.0], [806.0, 325.0]], [[806.0, 253.0], [839.0, 325.0]]], [[[182.0, 325.0], [499.0, 397.5]], [[499.0, 325.0], [747.0, 397.5]], [[747.0, 325.0], [806.0, 397.5]], [[806.0, 325.0], [839.0, 397.5]]], [[[182.0, 397.5], [499.0, 478.0]], [[499.0, 397.5], [747.0, 478.0]], [[747.0, 397.5], [806.0, 478.0]], [[806.0, 397.5], [839.0, 478.0]]], [[[182.0, 478.0], [499.0, 529.0]], [[499.0, 478.0], [747.0, 529.0]], [[747.0, 478.0], [806.0, 529.0]], [[806.0, 478.0], [839.0, 529.0]]], [[[182.0, 529.0], [499.0, 602.0]], [[499.0, 529.0], [747.0, 602.0]], [[747.0, 529.0], [806.0, 602.0]], [[806.0, 529.0], [839.0, 602.0]]], [[[182.0, 602.0], [499.0, 674.5]], [[499.0, 602.0], [747.0, 674.5]], [[747.0, 602.0], [806.0, 674.5]], [[806.0, 602.0], [839.0, 674.5]]], [[[182.0, 674.5], [499.0, 747.0]], [[499.0, 674.5], [747.0, 747.0]], [[747.0, 674.5], [806.0, 747.0]], [[806.0, 674.5], [839.0, 747.0]]], [[[182.0, 747.0], [499.0, 819.5]], [[499.0, 747.0], [747.0, 819.5]], [[747.0, 747.0], [806.0, 819.5]], [[806.0, 747.0], [839.0, 819.5]]], [[[182.0, 819.5], [499.0, 892.0]], [[499.0, 819.5], [747.0, 892.0]], [[747.0, 819.5], [806.0, 892.0]], [[806.0, 819.5], [839.0, 892.0]]], [[[182.0, 892.0], [499.0, 964.0]], [[499.0, 892.0], [747.0, 964.0]], [[747.0, 892.0], [806.0, 964.0]], [[806.0, 892.0], [839.0, 964.0]]], [[[182.0, 964.0], [499.0, 1036.5]], [[499.0, 964.0], [747.0, 1036.5]], [[747.0, 964.0], [806.0, 1036.5]], [[806.0, 964.0], [839.0, 1036.5]]], [[[182.0, 1036.5], [499.0, 1108.0]], [[499.0, 1036.5], [747.0, 1108.0]], [[747.0, 1036.5], [806.0, 1108.0]], [[806.0, 1036.5], [839.0, 1108.0]]], [[[182.0, 1108.0], [499.0, 1181.5]], [[499.0, 1108.0], [747.0, 1181.5]], [[747.0, 1108.0], [806.0, 1181.5]], [[806.0, 1108.0], [839.0, 1181.5]]]], "2": [[[[125.49999999999989, 122.0], [442.4999999999999, 179.5]], [[442.4999999999999, 122.0], [685.4999999999999, 179.5]], [[685.4999999999999, 122.0], [750.4999999999999, 179.5]], [[750.4999999999999, 122.0], [780.4999999999999, 179.5]]], [[[125.49999999999989, 179.5], [442.4999999999999, 251.5]], [[442.4999999999999, 179.5], [685.4999999999999, 251.5]], [[685.4999999999999, 179.5], [750.4999999999999, 251.5]], [[750.4999999999999, 179.5], [780.4999999999999, 251.5]]], [[[125.49999999999989, 251.5], [442.4999999999999, 324.5]], [[442.4999999999999, 251.5], [685.4999999999999, 324.5]], [[685.4999999999999, 251.5], [750.4999999999999, 324.5]], [[750.4999999999999, 251.5], [780.4999999999999, 324.5]]], [[[125.49999999999989, 324.5], [442.4999999999999, 397.0]], [[442.4999999999999, 324.5], [685.4999999999999, 397.0]], [[685.4999999999999, 324.5], [750.4999999999999, 397.0]], [[750.4999999999999, 324.5], [780.4999999999999, 397.0]]], [[[125.49999999999989, 397.0], [442.4999999999999, 470.0]], [[442.4999999999999, 397.0], [685.4999999999999, 470.0]], [[685.4999999999999, 397.0], [750.4999999999999, 470.0]], [[750.4999999999999, 397.0], [780.4999999999999, 470.0]]], [[[125.49999999999989, 470.0], [442.4999999999999, 550.5]], [[442.4999999999999, 470.0], [685.4999999999999, 550.5]], [[685.4999999999999, 470.0], [750.4999999999999, 550.5]], [[750.4999999999999, 470.0], [780.4999999999999, 550.5]]], [[[125.49999999999989, 550.5], [442.4999999999999, 601.5]], [[442.4999999999999, 550.5], [685.4999999999999, 601.5]], [[685.4999999999999, 550.5], [750.4999999999999, 601.5]], [[750.4999999999999, 550.5], [780.4999999999999, 601.5]]], [[[125.49999999999989, 601.5], [442.4999999999999, 673.5]], [[442.4999999999999, 601.5], [685.4999999999999, 673.5]], [[685.4999999999999, 601.5], [750.4999999999999, 673.5]], [[750.4999999999999, 601.5], [780.4999999999999, 673.5]]], [[[125.49999999999989, 673.5], [442.4999999999999, 746.5]], [[442.4999999999999, 673.5], [685.4999999999999, 746.5]], [[685.4999999999999, 673.5], [750.4999999999999, 746.5]], [[750.4999999999999, 673.5], [780.4999999999999, 746.5]]], [[[125.49999999999989, 746.5], [442.4999999999999, 819.0]], [[442.4999999999999, 746.5], [685.4999999999999, 819.0]], [[685.4999999999999, 746.5], [750.4999999999999, 819.0]], [[750.4999999999999, 746.5], [780.4999999999999, 819.0]]], [[[125.49999999999989, 819.0], [442.4999999999999, 863.0]], [[442.4999999999999, 819.0], [685.4999999999999, 863.0]], [[685.4999999999999, 819.0], [750.4999999999999, 863.0]], [[750.4999999999999, 819.0], [780.4999999999999, 863.0]]], [[[125.49999999999989, 863.0], [442.4999999999999, 936.5]], [[442.4999999999999, 863.0], [685.4999999999999, 936.5]], [[685.4999999999999, 863.0], [750.4999999999999, 936.5]], [[750.4999999999999, 863.0], [780.4999999999999, 936.5]]], [[[125.49999999999989, 936.5], [442.4999999999999, 980.0]], [[442.4999999999999, 936.5], [685.4999999999999, 980.0]], [[685.4999999999999, 936.5], [750.4999999999999, 980.0]], [[750.4999999999999, 936.5], [780.4999999999999, 980.0]]], [[[125.49999999999989, 980.0], [442.4999999999999, 1067.0]], [[442.4999999999999, 980.0], [685.4999999999999, 1067.0]], [[685.4999999999999, 980.0], [750.4999999999999, 1067.0]], [[750.4999999999999, 980.0], [780.4999999999999, 1067.0]]], [[[125.49999999999989, 1067.0], [442.4999999999999, 1110.5]], [[442.4999999999999, 1067.0], [685.4999999999999, 1110.5]], [[685.4999999999999, 1067.0], [750.4999999999999, 1110.5]], [[750.4999999999999, 1067.0], [780.4999999999999, 1110.5]]], [[[125.49999999999989, 1110.5], [442.4999999999999, 1181.5]], [[442.4999999999999, 1110.5], [685.4999999999999, 1181.5]], [[685.4999999999999, 1110.5], [750.4999999999999, 1181.5]], [[750.4999999999999, 1110.5], [780.4999999999999, 1181.5]]]], "3": [[[[189.0, 125.0], [506.0, 155.5]], [[506.0, 125.0], [755.0, 155.5]], [[755.0, 125.0], [814.0, 155.5]], [[814.0, 125.0], [846.0, 155.5]]], [[[189.0, 155.5], [506.0, 208.5]], [[506.0, 155.5], [755.0, 208.5]], [[755.0, 155.5], [814.0, 208.5]], [[814.0, 155.5], [846.0, 208.5]]], [[[189.0, 208.5], [506.0, 288.5]], [[506.0, 208.5], [755.0, 288.5]], [[755.0, 208.5], [814.0, 288.5]], [[814.0, 208.5], [846.0, 288.5]]], [[[189.0, 288.5], [506.0, 361.0]], [[506.0, 288.5], [755.0, 361.0]], [[755.0, 288.5], [814.0, 361.0]], [[814.0, 288.5], [846.0, 361.0]]], [[[189.0, 361.0], [506.0, 433.0]], [[506.0, 361.0], [755.0, 433.0]], [[755.0, 361.0], [814.0, 433.0]], [[814.0, 361.0], [846.0, 433.0]]], [[[189.0, 433.0], [506.0, 506.0]], [[506.0, 433.0], [755.0, 506.0]], [[755.0, 433.0], [814.0, 506.0]], [[814.0, 433.0], [846.0, 506.0]]], [[[189.0, 506.0], [506.0, 578.5]], [[506.0, 506.0], [755.0, 578.5]], [[755.0, 506.0], [814.0, 578.5]], [[814.0, 506.0], [846.0, 578.5]]], [[[189.0, 578.5], [506.0, 652.0]], [[506.0, 578.5], [755.0, 652.0]], [[755.0, 578.5], [814.0, 652.0]], [[814.0, 578.5], [846.0, 652.0]]], [[[189.0, 652.0], [506.0, 724.0]], [[506.0, 652.0], [755.0, 724.0]], [[755.0, 652.0], [814.0, 724.0]], [[814.0, 652.0], [846.0, 724.0]]], [[[189.0, 724.0], [506.0, 796.5]], [[506.0, 724.0], [755.0, 796.5]], [[755.0, 724.0], [814.0, 796.5]], [[814.0, 724.0], [846.0, 796.5]]], [[[189.0, 796.5], [506.0, 869.0]], [[506.0, 796.5], [755.0, 869.0]], [[755.0, 796.5], [814.0, 869.0]], [[814.0, 796.5], [846.0, 869.0]]], [[[189.0, 869.0], [506.0, 941.5]], [[506.0, 869.0], [755.0, 941.5]], [[755.0, 869.0], [814.0, 941.5]], [[814.0, 869.0], [846.0, 941.5]]], [[[189.0, 941.5], [506.0, 1014.0]], [[506.0, 941.5], [755.0, 1014.0]], [[755.0, 941.5], [814.0, 1014.0]], [[814.0, 941.5], [846.0, 1014.0]]], [[[189.0, 1014.0], [506.0, 1092.0]], [[506.0, 1014.0], [755.0, 1092.0]], [[755.0, 1014.0], [814.0, 1092.0]], [[814.0, 1014.0], [846.0, 1092.0]]], [[[189.0, 1092.0], [506.0, 1171.0]], [[506.0, 1092.0], [755.0, 1171.0]], [[755.0, 1092.0], [814.0, 1171.0]], [[814.0, 1092.0], [846.0, 1171.0]]]],